{"Objects": [{"Name": "wheel_loader_DL300", "Id": "wheel_loader_DL300", "Position": {"x": 350.56482464614794, "y": 0, "z": 110.18721322462206}, "Rotation": {"x": 0.0, "y": -0.9999881196545362, "z": 0.0, "w": 0.004874479437337704}, "Scale": {"x": 1, "y": 1, "z": 1}}]}